age_stage,PassengerId,Survived,Pclass,Age,SibSp,Parch,Fare,FamilyCount,IsReverend,Embarked_C,Embarked_Q,Embarked_S,Sex_female,Sex_male,title_Miss.,title_Mr.,title_Mrs. 
Adult,470.3886925795053,0.4204946996466431,1.9540636042402826,41.13250883392226,0.36395759717314485,0.392226148409894,42.42922544169609,0.7561837455830389,0.014134275618374558,0.1872791519434629,0.0353356890459364,0.773851590106007,0.35335689045936397,0.6466431095406361,0.10600706713780919,0.5936395759717314,0.23674911660777384
Young,429.21238938053096,0.5398230088495575,2.584070796460177,9.041327433628318,1.4601769911504425,1.0530973451327434,31.22079823008851,2.5132743362831858,0.0,0.21238938053097345,0.061946902654867256,0.7256637168141593,0.48672566371681414,0.5132743362831859,0.45132743362831856,0.19469026548672566,0.035398230088495575
Young Adult,436.32094594594594,0.3547297297297297,2.4222972972972974,23.95439189189189,0.32094594594594594,0.24324324324324326,28.129376013513514,0.5641891891891891,0.006756756756756757,0.16891891891891891,0.030405405405405407,0.8006756756756757,0.34797297297297297,0.652027027027027,0.21621621621621623,0.6418918918918919,0.11824324324324324
senior,435.2462311557789,0.2864321608040201,2.487437185929648,66.02272727272727,0.5175879396984925,0.19095477386934673,24.282577889447243,0.7085427135678392,0.0,0.20603015075376885,0.2562814070351759,0.5326633165829145,0.2814070351758794,0.7185929648241206,0.18592964824120603,0.6884422110552764,0.09547738693467336
