Pclass,PassengerId,Survived,Age,SibSp,Parch,Fare,FamilyCount,IsReverend,Embarked_C,Embarked_Q,Embarked_S,Sex_female,Sex_male,title_Miss.,title_Mr.,title_Mrs. 
1,461.59722222222223,0.6296296296296297,38.233440860215055,0.4166666666666667,0.35648148148148145,84.15468749999992,0.7731481481481481,0.0,0.39351851851851855,0.009259259259259259,0.5879629629629629,0.4351851851851852,0.5648148148148148,0.21296296296296297,0.49537037037037035,0.19444444444444445
2,445.95652173913044,0.47282608695652173,29.87763005780347,0.40217391304347827,0.3804347826086957,20.66218315217391,0.782608695652174,0.03260869565217391,0.09239130434782608,0.016304347826086956,0.8913043478260869,0.41304347826086957,0.5869565217391305,0.18478260869565216,0.4945652173913043,0.22282608695652173
3,439.1547861507128,0.24236252545824846,25.14061971830986,0.615071283095723,0.39307535641547864,13.675550101832997,1.0081466395112015,0.0,0.13441955193482688,0.14663951120162932,0.7189409368635438,0.29327902240325865,0.7067209775967414,0.20773930753564154,0.6496945010183299,0.0855397148676171
